turno,indice_jugador,jugador,dado1,dado2,suma,posicion_anterior,posicion_nueva,paso_salida,nombre_casilla,tipo_casilla,precio_casilla,color_casilla,compra_realizada,dinero_antes_compra,dinero_despues_compra,propiedades_antes,propiedades_despues
1,1,ana,4,3,7,1,8,no,suerte2,suerte,0,ninguno,no,10000,10000,0,0
2,2,bob,5,6,11,1,12,no,rosa1,propiedad,140,rosa,si,10000,9860,0,1
3,1,ana,6,2,8,8,16,no,estacion2,estacion,200,estacion,si,10000,9800,0,1
4,2,bob,2,4,6,12,18,no,suerte3,suerte,0,ninguno,no,9860,9860,1,1
5,1,ana,4,3,7,16,23,no,suerte4,suerte,0,ninguno,no,9800,9800,1,1
6,2,bob,1,3,4,18,22,no,rojo1,propiedad,220,rojo,si,9860,9640,1,2
7,1,ana,4,4,8,23,31,no,carcel,carcel,0,ninguno,no,9800,9800,1,1
8,2,bob,3,2,5,22,27,no,amarillo1,propiedad,260,amarillo,si,9640,9380,2,3
9,1,ana,3,4,7,31,38,no,azul1,propiedad,350,azul,si,9800,9450,1,2
10,2,bob,2,3,5,27,32,no,verde1,propiedad,300,verde,si,9380,9080,3,4
11,1,ana,3,1,4,38,2,si,morado1,propiedad,60,morado,si,9450,9390,2,3
12,2,bob,6,2,8,32,40,no,azul2,propiedad,400,azul,si,9080,8680,4,5
13,1,ana,5,1,6,2,8,no,suerte2,suerte,0,ninguno,no,9390,9390,3,3
14,2,bob,1,1,2,40,2,si,morado1,propiedad,60,morado,no,8680,8680,5,5
15,1,ana,4,1,5,8,13,no,impuesto2,impuesto,150,ninguno,no,9390,9390,3,3
16,2,bob,1,5,6,2,8,no,suerte2,suerte,0,ninguno,no,8680,8680,5,5
17,1,ana,4,6,10,13,23,no,suerte4,suerte,0,ninguno,no,9390,9390,3,3
18,2,bob,2,1,3,8,11,no,visita_carcel,visita_carcel,0,ninguno,no,8680,8680,5,5
19,1,ana,6,5,11,23,34,no,suerte5,suerte,0,ninguno,no,9390,9390,3,3
20,2,bob,2,1,3,11,14,no,rosa2,propiedad,140,rosa,si,8680,8540,5,6
21,1,ana,6,4,10,34,4,si,morado2,propiedad,60,morado,si,9390,9330,3,4
22,2,bob,5,3,8,14,22,no,rojo1,propiedad,220,rojo,no,8540,8540,6,6
23,1,ana,1,2,3,4,7,no,gris1,propiedad,100,gris,si,9330,9230,4,5
24,2,bob,3,4,7,22,29,no,impuesto3,impuesto,100,ninguno,no,8540,8540,6,6
25,1,ana,1,4,5,7,12,no,rosa1,propiedad,140,rosa,no,9230,9230,5,5
26,2,bob,5,6,11,29,40,no,azul2,propiedad,400,azul,no,8540,8540,6,6
27,1,ana,4,2,6,12,18,no,suerte3,suerte,0,ninguno,no,9230,9230,5,5
28,2,bob,3,6,9,40,9,si,gris2,propiedad,100,gris,si,8540,8440,6,7
29,1,ana,2,4,6,18,24,no,rojo2,propiedad,220,rojo,si,9230,9010,5,6
30,2,bob,6,1,7,9,16,no,estacion2,estacion,200,estacion,no,8440,8440,7,7
31,1,ana,5,1,6,24,30,no,amarillo3,propiedad,280,amarillo,si,9010,8730,6,7
32,2,bob,1,1,2,16,18,no,suerte3,suerte,0,ninguno,no,8440,8440,7,7
33,1,ana,4,5,9,30,39,no,impuesto4,impuesto,100,ninguno,no,8730,8730,7,7
34,2,bob,2,5,7,18,25,no,rojo3,propiedad,240,rojo,si,8440,8200,7,8
35,1,ana,3,5,8,39,7,si,gris1,propiedad,100,gris,no,8730,8730,7,7
36,2,bob,2,6,8,25,33,no,verde2,propiedad,300,verde,si,8200,7900,8,9
37,1,ana,2,2,4,7,11,no,visita_carcel,visita_carcel,0,ninguno,no,8730,8730,7,7
38,2,bob,5,6,11,33,4,si,morado2,propiedad,60,morado,no,7900,7900,9,9
39,1,ana,3,4,7,11,18,no,suerte3,suerte,0,ninguno,no,8730,8730,7,7
40,2,bob,6,1,7,4,11,no,visita_carcel,visita_carcel,0,ninguno,no,7900,7900,9,9
41,1,ana,2,3,5,18,23,no,suerte4,suerte,0,ninguno,no,8730,8730,7,7
42,2,bob,6,2,8,11,19,no,naranja2,propiedad,180,naranja,si,7900,7720,9,10
43,1,ana,2,5,7,23,30,no,amarillo3,propiedad,280,amarillo,no,8730,8730,7,7
44,2,bob,3,5,8,19,27,no,amarillo1,propiedad,260,amarillo,no,7720,7720,10,10
45,1,ana,4,1,5,30,35,no,verde3,propiedad,320,verde,si,8730,8410,7,8
46,2,bob,2,5,7,27,34,no,suerte5,suerte,0,ninguno,no,7720,7720,10,10
47,1,ana,1,5,6,35,1,si,salida,salida,0,ninguno,no,8410,8410,8,8
48,2,bob,4,6,10,34,4,si,morado2,propiedad,60,morado,no,7720,7720,10,10
49,1,ana,3,1,4,1,5,no,impuesto1,impuesto,200,ninguno,no,8410,8410,8,8
50,2,bob,3,5,8,4,12,no,rosa1,propiedad,140,rosa,no,7720,7720,10,10
51,1,ana,1,4,5,5,10,no,gris3,propiedad,120,gris,si,8410,8290,8,9
52,2,bob,3,2,5,12,17,no,naranja1,propiedad,180,naranja,si,7720,7540,10,11
53,1,ana,2,4,6,10,16,no,estacion2,estacion,200,estacion,no,8290,8290,9,9
54,2,bob,3,3,6,17,23,no,suerte4,suerte,0,ninguno,no,7540,7540,11,11
55,1,ana,5,6,11,16,27,no,amarillo1,propiedad,260,amarillo,no,8290,8290,9,9
56,2,bob,2,4,6,23,29,no,impuesto3,impuesto,100,ninguno,no,7540,7540,11,11
57,1,ana,6,2,8,27,35,no,verde3,propiedad,320,verde,no,8290,8290,9,9
58,2,bob,2,1,3,29,32,no,verde1,propiedad,300,verde,no,7540,7540,11,11
59,1,ana,6,6,12,35,7,si,gris1,propiedad,100,gris,no,8290,8290,9,9
60,2,bob,5,4,9,32,1,si,salida,salida,0,ninguno,no,7540,7540,11,11
61,1,ana,1,1,2,7,9,no,gris2,propiedad,100,gris,no,8290,8290,9,9
62,2,bob,4,6,10,1,11,no,visita_carcel,visita_carcel,0,ninguno,no,7540,7540,11,11
63,1,ana,6,3,9,9,18,no,suerte3,suerte,0,ninguno,no,8290,8290,9,9
64,2,bob,3,6,9,11,20,no,naranja3,propiedad,200,naranja,si,7540,7340,11,12
65,1,ana,5,6,11,18,29,no,impuesto3,impuesto,100,ninguno,no,8290,8290,9,9
66,2,bob,4,4,8,20,28,no,amarillo2,propiedad,260,amarillo,si,7340,7080,12,13
67,1,ana,1,6,7,29,36,no,estacion4,estacion,200,estacion,si,8290,8090,9,10
68,2,bob,6,2,8,28,36,no,estacion4,estacion,200,estacion,no,7080,7080,13,13
69,1,ana,3,6,9,36,5,si,impuesto1,impuesto,200,ninguno,no,8090,8090,10,10
70,2,bob,3,1,4,36,40,no,azul2,propiedad,400,azul,no,7080,7080,13,13
71,1,ana,6,6,12,5,17,no,naranja1,propiedad,180,naranja,no,8090,8090,10,10
72,2,bob,6,2,8,40,8,si,suerte2,suerte,0,ninguno,no,7080,7080,13,13
73,1,ana,4,3,7,17,24,no,rojo2,propiedad,220,rojo,no,8090,8090,10,10
74,2,bob,3,3,6,8,14,no,rosa2,propiedad,140,rosa,no,7080,7080,13,13
75,1,ana,5,4,9,24,33,no,verde2,propiedad,300,verde,no,8090,8090,10,10
76,2,bob,1,4,5,14,19,no,naranja2,propiedad,180,naranja,no,7080,7080,13,13
77,1,ana,3,3,6,33,39,no,impuesto4,impuesto,100,ninguno,no,8090,8090,10,10
78,2,bob,3,3,6,19,25,no,rojo3,propiedad,240,rojo,no,7080,7080,13,13
79,1,ana,6,5,11,39,10,si,gris3,propiedad,120,gris,no,8090,8090,10,10
80,2,bob,6,3,9,25,34,no,suerte5,suerte,0,ninguno,no,7080,7080,13,13
81,1,ana,4,2,6,10,16,no,estacion2,estacion,200,estacion,no,8090,8090,10,10
82,2,bob,5,3,8,34,2,si,morado1,propiedad,60,morado,no,7080,7080,13,13
83,1,ana,6,1,7,16,23,no,suerte4,suerte,0,ninguno,no,8090,8090,10,10
84,2,bob,1,4,5,2,7,no,gris1,propiedad,100,gris,no,7080,7080,13,13
85,1,ana,3,4,7,23,30,no,amarillo3,propiedad,280,amarillo,no,8090,8090,10,10
86,2,bob,2,6,8,7,15,no,rosa3,propiedad,160,rosa,si,7080,6920,13,14
87,1,ana,5,1,6,30,36,no,estacion4,estacion,200,estacion,no,8090,8090,10,10
88,2,bob,2,2,4,15,19,no,naranja2,propiedad,180,naranja,no,6920,6920,14,14
89,1,ana,6,6,12,36,8,si,suerte2,suerte,0,ninguno,no,8090,8090,10,10
90,2,bob,2,6,8,19,27,no,amarillo1,propiedad,260,amarillo,no,6920,6920,14,14
91,1,ana,3,2,5,8,13,no,impuesto2,impuesto,150,ninguno,no,8090,8090,10,10
92,2,bob,1,3,4,27,31,no,carcel,carcel,0,ninguno,no,6920,6920,14,14
93,1,ana,1,5,6,13,19,no,naranja2,propiedad,180,naranja,no,8090,8090,10,10
94,2,bob,5,5,10,31,1,si,salida,salida,0,ninguno,no,6920,6920,14,14
95,1,ana,2,2,4,19,23,no,suerte4,suerte,0,ninguno,no,8090,8090,10,10
96,2,bob,5,4,9,1,10,no,gris3,propiedad,120,gris,no,6920,6920,14,14
97,1,ana,5,6,11,23,34,no,suerte5,suerte,0,ninguno,no,8090,8090,10,10
98,2,bob,4,2,6,10,16,no,estacion2,estacion,200,estacion,no,6920,6920,14,14
99,1,ana,1,4,5,34,39,no,impuesto4,impuesto,100,ninguno,no,8090,8090,10,10
100,2,bob,4,3,7,16,23,no,suerte4,suerte,0,ninguno,no,6920,6920,14,14
101,1,ana,1,1,2,39,1,si,salida,salida,0,ninguno,no,8090,8090,10,10
102,2,bob,5,4,9,23,32,no,verde1,propiedad,300,verde,no,6920,6920,14,14
103,1,ana,2,5,7,1,8,no,suerte2,suerte,0,ninguno,no,8090,8090,10,10
104,2,bob,4,4,8,32,40,no,azul2,propiedad,400,azul,no,6920,6920,14,14
105,1,ana,1,5,6,8,14,no,rosa2,propiedad,140,rosa,no,8090,8090,10,10
106,2,bob,4,6,10,40,10,si,gris3,propiedad,120,gris,no,6920,6920,14,14
107,1,ana,6,2,8,14,22,no,rojo1,propiedad,220,rojo,no,8090,8090,10,10
108,2,bob,3,1,4,10,14,no,rosa2,propiedad,140,rosa,no,6920,6920,14,14
109,1,ana,3,3,6,22,28,no,amarillo2,propiedad,260,amarillo,no,8090,8090,10,10
110,2,bob,1,6,7,14,21,no,parking,parking,0,ninguno,no,6920,6920,14,14
111,1,ana,5,4,9,28,37,no,suerte6,suerte,0,ninguno,no,8090,8090,10,10
112,2,bob,5,1,6,21,27,no,amarillo1,propiedad,260,amarillo,no,6920,6920,14,14
113,1,ana,5,1,6,37,3,si,suerte1,suerte,0,ninguno,no,8090,8090,10,10
114,2,bob,6,5,11,27,38,no,azul1,propiedad,350,azul,no,6920,6920,14,14
115,1,ana,1,3,4,3,7,no,gris1,propiedad,100,gris,no,8090,8090,10,10
116,2,bob,3,3,6,38,4,si,morado2,propiedad,60,morado,no,6920,6920,14,14
117,1,ana,2,3,5,7,12,no,rosa1,propiedad,140,rosa,no,8090,8090,10,10
118,2,bob,1,2,3,4,7,no,gris1,propiedad,100,gris,no,6920,6920,14,14
119,1,ana,5,5,10,12,22,no,rojo1,propiedad,220,rojo,no,8090,8090,10,10
120,2,bob,4,3,7,7,14,no,rosa2,propiedad,140,rosa,no,6920,6920,14,14
121,1,ana,5,2,7,22,29,no,impuesto3,impuesto,100,ninguno,no,8090,8090,10,10
122,2,bob,6,1,7,14,21,no,parking,parking,0,ninguno,no,6920,6920,14,14
123,1,ana,2,1,3,29,32,no,verde1,propiedad,300,verde,no,8090,8090,10,10
124,2,bob,5,1,6,21,27,no,amarillo1,propiedad,260,amarillo,no,6920,6920,14,14
125,1,ana,5,4,9,32,1,si,salida,salida,0,ninguno,no,8090,8090,10,10
126,2,bob,4,2,6,27,33,no,verde2,propiedad,300,verde,no,6920,6920,14,14
127,1,ana,1,6,7,1,8,no,suerte2,suerte,0,ninguno,no,8090,8090,10,10
128,2,bob,2,1,3,33,36,no,estacion4,estacion,200,estacion,no,6920,6920,14,14
129,1,ana,6,2,8,8,16,no,estacion2,estacion,200,estacion,no,8090,8090,10,10
130,2,bob,4,1,5,36,1,si,salida,salida,0,ninguno,no,6920,6920,14,14
131,1,ana,2,4,6,16,22,no,rojo1,propiedad,220,rojo,no,8090,8090,10,10
132,2,bob,3,6,9,1,10,no,gris3,propiedad,120,gris,no,6920,6920,14,14
133,1,ana,4,4,8,22,30,no,amarillo3,propiedad,280,amarillo,no,8090,8090,10,10
134,2,bob,4,4,8,10,18,no,suerte3,suerte,0,ninguno,no,6920,6920,14,14
135,1,ana,6,3,9,30,39,no,impuesto4,impuesto,100,ninguno,no,8090,8090,10,10
136,2,bob,1,2,3,18,21,no,parking,parking,0,ninguno,no,6920,6920,14,14
137,1,ana,5,6,11,39,10,si,gris3,propiedad,120,gris,no,8090,8090,10,10
138,2,bob,5,4,9,21,30,no,amarillo3,propiedad,280,amarillo,no,6920,6920,14,14
139,1,ana,4,1,5,10,15,no,rosa3,propiedad,160,rosa,no,8090,8090,10,10
140,2,bob,2,5,7,30,37,no,suerte6,suerte,0,ninguno,no,6920,6920,14,14
141,1,ana,1,1,2,15,17,no,naranja1,propiedad,180,naranja,no,8090,8090,10,10
142,2,bob,2,5,7,37,4,si,morado2,propiedad,60,morado,no,6920,6920,14,14
143,1,ana,1,6,7,17,24,no,rojo2,propiedad,220,rojo,no,8090,8090,10,10
144,2,bob,3,5,8,4,12,no,rosa1,propiedad,140,rosa,no,6920,6920,14,14
145,1,ana,5,3,8,24,32,no,verde1,propiedad,300,verde,no,8090,8090,10,10
146,2,bob,4,3,7,12,19,no,naranja2,propiedad,180,naranja,no,6920,6920,14,14
147,1,ana,5,2,7,32,39,no,impuesto4,impuesto,100,ninguno,no,8090,8090,10,10
148,2,bob,6,4,10,19,29,no,impuesto3,impuesto,100,ninguno,no,6920,6920,14,14
149,1,ana,6,6,12,39,11,si,visita_carcel,visita_carcel,0,ninguno,no,8090,8090,10,10
150,2,bob,5,5,10,29,39,no,impuesto4,impuesto,100,ninguno,no,6920,6920,14,14
151,1,ana,1,2,3,11,14,no,rosa2,propiedad,140,rosa,no,8090,8090,10,10
152,2,bob,2,4,6,39,5,si,impuesto1,impuesto,200,ninguno,no,6920,6920,14,14
153,1,ana,3,6,9,14,23,no,suerte4,suerte,0,ninguno,no,8090,8090,10,10
154,2,bob,4,2,6,5,11,no,visita_carcel,visita_carcel,0,ninguno,no,6920,6920,14,14
155,1,ana,3,6,9,23,32,no,verde1,propiedad,300,verde,no,8090,8090,10,10
156,2,bob,3,5,8,11,19,no,naranja2,propiedad,180,naranja,no,6920,6920,14,14
157,1,ana,1,1,2,32,34,no,suerte5,suerte,0,ninguno,no,8090,8090,10,10
158,2,bob,3,5,8,19,27,no,amarillo1,propiedad,260,amarillo,no,6920,6920,14,14
159,1,ana,3,5,8,34,2,si,morado1,propiedad,60,morado,no,8090,8090,10,10
160,2,bob,3,2,5,27,32,no,verde1,propiedad,300,verde,no,6920,6920,14,14
161,1,ana,6,2,8,2,10,no,gris3,propiedad,120,gris,no,8090,8090,10,10
162,2,bob,3,2,5,32,37,no,suerte6,suerte,0,ninguno,no,6920,6920,14,14
163,1,ana,2,5,7,10,17,no,naranja1,propiedad,180,naranja,no,8090,8090,10,10
164,2,bob,2,1,3,37,40,no,azul2,propiedad,400,azul,no,6920,6920,14,14
165,1,ana,6,4,10,17,27,no,amarillo1,propiedad,260,amarillo,no,8090,8090,10,10
166,2,bob,3,4,7,40,7,si,gris1,propiedad,100,gris,no,6920,6920,14,14
167,1,ana,1,5,6,27,33,no,verde2,propiedad,300,verde,no,8090,8090,10,10
168,2,bob,3,3,6,7,13,no,impuesto2,impuesto,150,ninguno,no,6920,6920,14,14
169,1,ana,3,2,5,33,38,no,azul1,propiedad,350,azul,no,8090,8090,10,10
170,2,bob,5,4,9,13,22,no,rojo1,propiedad,220,rojo,no,6920,6920,14,14
171,1,ana,5,2,7,38,5,si,impuesto1,impuesto,200,ninguno,no,8090,8090,10,10
172,2,bob,4,4,8,22,30,no,amarillo3,propiedad,280,amarillo,no,6920,6920,14,14
173,1,ana,3,6,9,5,14,no,rosa2,propiedad,140,rosa,no,8090,8090,10,10
174,2,bob,6,3,9,30,39,no,impuesto4,impuesto,100,ninguno,no,6920,6920,14,14
175,1,ana,5,6,11,14,25,no,rojo3,propiedad,240,rojo,no,8090,8090,10,10
176,2,bob,5,1,6,39,5,si,impuesto1,impuesto,200,ninguno,no,6920,6920,14,14
177,1,ana,2,3,5,25,30,no,amarillo3,propiedad,280,amarillo,no,8090,8090,10,10
178,2,bob,1,6,7,5,12,no,rosa1,propiedad,140,rosa,no,6920,6920,14,14
179,1,ana,6,1,7,30,37,no,suerte6,suerte,0,ninguno,no,8090,8090,10,10
180,2,bob,1,5,6,12,18,no,suerte3,suerte,0,ninguno,no,6920,6920,14,14
181,1,ana,4,3,7,37,4,si,morado2,propiedad,60,morado,no,8090,8090,10,10
182,2,bob,5,6,11,18,29,no,impuesto3,impuesto,100,ninguno,no,6920,6920,14,14
183,1,ana,6,2,8,4,12,no,rosa1,propiedad,140,rosa,no,8090,8090,10,10
184,2,bob,2,4,6,29,35,no,verde3,propiedad,320,verde,no,6920,6920,14,14
185,1,ana,4,3,7,12,19,no,naranja2,propiedad,180,naranja,no,8090,8090,10,10
186,2,bob,1,3,4,35,39,no,impuesto4,impuesto,100,ninguno,no,6920,6920,14,14
187,1,ana,4,4,8,19,27,no,amarillo1,propiedad,260,amarillo,no,8090,8090,10,10
188,2,bob,3,2,5,39,4,si,morado2,propiedad,60,morado,no,6920,6920,14,14
189,1,ana,3,4,7,27,34,no,suerte5,suerte,0,ninguno,no,8090,8090,10,10
190,2,bob,2,3,5,4,9,no,gris2,propiedad,100,gris,no,6920,6920,14,14
191,1,ana,3,1,4,34,38,no,azul1,propiedad,350,azul,no,8090,8090,10,10
192,2,bob,6,2,8,9,17,no,naranja1,propiedad,180,naranja,no,6920,6920,14,14
193,1,ana,5,1,6,38,4,si,morado2,propiedad,60,morado,no,8090,8090,10,10
194,2,bob,1,1,2,17,19,no,naranja2,propiedad,180,naranja,no,6920,6920,14,14
195,1,ana,4,1,5,4,9,no,gris2,propiedad,100,gris,no,8090,8090,10,10
196,2,bob,1,5,6,19,25,no,rojo3,propiedad,240,rojo,no,6920,6920,14,14
197,1,ana,4,6,10,9,19,no,naranja2,propiedad,180,naranja,no,8090,8090,10,10
198,2,bob,2,1,3,25,28,no,amarillo2,propiedad,260,amarillo,no,6920,6920,14,14
199,1,ana,6,5,11,19,30,no,amarillo3,propiedad,280,amarillo,no,8090,8090,10,10
200,2,bob,2,1,3,28,31,no,carcel,carcel,0,ninguno,no,6920,6920,14,14
